{
  "Description": {
    "Id": "starsystemdef_Aea",
    "Name": "Aea",
    "Details": "Aea is a wet, lush, tropical world with an atmosphere dense with foul-smelling sulfurous volcanic outgassing. ComStar maintains an HPG facility on the planet; support of that facility is the only reason the system still boasts colonists.",
    "Icon": ""
  },
  "Position": {
    "x": 157.31,
    "y": -429.69,
    "z": 0
  },
  "Tags": {
    "items": [
      "planet_size_large",
      "planet_climate_tropical",
      "planet_pop_small",
      "planet_civ_periphery",
      "planet_progress_3",
      "planet_industry_aquaculture",
      "planet_name_aea",
      "planet_industry_chemicals",
      "planet_faction_restoration"
    ],
    "tagSetSourceFile": ""
  },
  "SupportedBiomes": [
    "lowlandsSpring",
    "desertParched",
    "badlandsParched",
    "jungleTropical"
  ],
  "MapRequiredTags": {
    "items": [],
    "tagSetSourceFile": ""
  },
  "MapExcludedTags": {
    "items": [],
    "tagSetSourceFile": ""
  },
  "FuelingStation": false,
  "JumpDistance": 6,
  "ownerID": "AuriganRestoration",
  "ShopRefreshRate": 0,
  "ShopMaxInventory": 0,
  "ShopMaxSpecials": 6,
  "SystemInfluence": [
    {
      "factionID": "NoFaction",
      "Influence": 0
    },
    {
      "factionID": "Davion",
      "Influence": 0
    },
    {
      "factionID": "Liao",
      "Influence": 0
    },
    {
      "factionID": "Kurita",
      "Influence": 0
    },
    {
      "factionID": "Marik",
      "Influence": 0
    },
    {
      "factionID": "Steiner",
      "Influence": 0
    },
    {
      "factionID": "TaurianConcordat",
      "Influence": 0
    },
    {
      "factionID": "MagistracyOfCanopus",
      "Influence": 0
    },
    {
      "factionID": "AuriganDirectorate",
      "Influence": 0
    },
    {
      "factionID": "AuriganRestoration",
      "Influence": 0
    },
    {
      "factionID": "ComStar",
      "Influence": 0
    },
    {
      "factionID": "MercenaryReviewBoard",
      "Influence": 0
    },
    {
      "factionID": "AuriganPirates",
      "Influence": 0
    },
    {
      "factionID": "AuriganMercenaries",
      "Influence": 0
    }
  ],
  "TravelRequirements": [
    {
      "Scope": "Company",
      "RequirementTags": {
        "items": [
          "map_travel_3"
        ],
        "tagSetSourceFile": ""
      },
      "ExclusionTags": {
        "items": [],
        "tagSetSourceFile": ""
      },
      "RequirementComparisons": []
    }
  ],
  "StarPosition": null,
  "StarType": "M",
  "Depletable": false,
  "UseSystemRoninHiringChance": false,
  "RoninHiringChance": 0,
  "UseMaxContractOverride": false,
  "MaxContractOverride": 0,
  "SystemShopItems": [
    "itemCollection_minor_AuriganDirectorate",
    "itemCollection_shop_chemicals"
  ],
  "factionShopOwnerID": "INVALID_UNSET",
  "FactionShopItems": null,
  "BlackMarketShopItems": null,
  "CoreSystemID": "starsystemdef_Aea",
  "StartingSystemModes": [
    "KAMEA_CAMPAIGN"
  ],
  "DefaultDifficulty": 1,
  "DifficultyList": [
    1,
    5
  ],
  "DifficultyModes": [
    "KAMEA_CAMPAIGN",
    "CAREER"
  ],
  "contractEmployerIDs": [
    "TaurianConcordat"
  ],
  "contractTargetIDs": [
    "AuriganPirates",
    "TaurianConcordat",
    "AuriganDirectorate"
  ]
}