{
  "Description": {
    "Id": "starsystemdef_Bringdam",
    "Name": "Bringdam",
    "Details": "A lush, high-gravity world, Bringdam's atmosphere is so dense as to be almost unbreathable. The humidity makes it a poor location for mining, but it is an excellent agricultural world, supplying itself and a number of nearby systems.",
    "Icon": ""
  },
  "Position": {
    "x": 101.46,
    "y": -409.11,
    "z": 0
  },
  "Tags": {
    "items": [
      "planet_size_large",
      "planet_climate_tropical",
      "planet_pop_small",
      "planet_civ_periphery",
      "planet_progress_3",
      "planet_feature_comet",
      "planet_industry_agriculture",
      "planet_industry_poor",
      "planet_other_hub",
      "planet_other_blackmarket",
      "planet_name_bringdam",
      "planet_other_battlefield",
      "planet_faction_restoration"
    ],
    "tagSetSourceFile": ""
  },
  "SupportedBiomes": [
    "lowlandsSpring",
    "desertParched",
    "badlandsParched",
    "jungleTropical"
  ],
  "MapRequiredTags": {
    "items": [],
    "tagSetSourceFile": ""
  },
  "MapExcludedTags": {
    "items": [],
    "tagSetSourceFile": ""
  },
  "FuelingStation": false,
  "JumpDistance": 6,
  "ownerID": "AuriganRestoration",
  "ShopRefreshRate": 0,
  "ShopMaxInventory": 0,
  "ShopMaxSpecials": 4,
  "SystemInfluence": [
    {
      "factionID": "NoFaction",
      "Influence": 0
    },
    {
      "factionID": "Davion",
      "Influence": 0
    },
    {
      "factionID": "Liao",
      "Influence": 0
    },
    {
      "factionID": "Kurita",
      "Influence": 0
    },
    {
      "factionID": "Marik",
      "Influence": 0
    },
    {
      "factionID": "Steiner",
      "Influence": 0
    },
    {
      "factionID": "TaurianConcordat",
      "Influence": 0
    },
    {
      "factionID": "MagistracyOfCanopus",
      "Influence": 0
    },
    {
      "factionID": "AuriganDirectorate",
      "Influence": 0
    },
    {
      "factionID": "AuriganRestoration",
      "Influence": 0
    },
    {
      "factionID": "ComStar",
      "Influence": 0
    },
    {
      "factionID": "MercenaryReviewBoard",
      "Influence": 0
    },
    {
      "factionID": "AuriganPirates",
      "Influence": 0
    },
    {
      "factionID": "AuriganMercenaries",
      "Influence": 0
    }
  ],
  "TravelRequirements": [
    {
      "Scope": "Company",
      "RequirementTags": {
        "items": [
          "map_travel_3"
        ],
        "tagSetSourceFile": ""
      },
      "ExclusionTags": {
        "items": [],
        "tagSetSourceFile": ""
      },
      "RequirementComparisons": []
    }
  ],
  "StarPosition": null,
  "StarType": "M",
  "Depletable": false,
  "UseSystemRoninHiringChance": false,
  "RoninHiringChance": 0,
  "UseMaxContractOverride": false,
  "MaxContractOverride": 0,
  "SystemShopItems": [
    "itemCollection_minor_AuriganDirectorate",
    "itemCollection_shop_battlefield"
  ],
  "factionShopOwnerID": "INVALID_UNSET",
  "FactionShopItems": null,
  "BlackMarketShopItems": [
    "itemCollection_faction_AuriganPirates"
  ],
  "CoreSystemID": "starsystemdef_Bringdam",
  "StartingSystemModes": [
    "KAMEA_CAMPAIGN"
  ],
  "DefaultDifficulty": -1,
  "DifficultyList": [
    -1,
    3
  ],
  "DifficultyModes": [
    "KAMEA_CAMPAIGN",
    "CAREER"
  ],
  "contractEmployerIDs": [
    "Liao"
  ],
  "contractTargetIDs": [
    "AuriganPirates",
    "Liao",
    "AuriganDirectorate"
  ]
}